{"cameraMode":{"drawMode":0,"name":"Shaded","section":"Shading Mode"},"sceneLighting":true,"audioPlay":false,"sceneViewState":{"showFog":false,"showMaterialUpdate":false,"showSkybox":false,"showFlares":false,"showImageEffects":false,"showParticleSystems":true},"in2DMode":false,"pivot":{"x":-803.7530517578125,"y":108.77470397949219,"z":2.8742361068725588},"rotation":{"x":-0.035589683800935748,"y":-0.7150310277938843,"z":-0.03649822250008583,"w":0.6972317099571228},"size":348.1783142089844,"orthographic":false}